Dataset,Depth,Mode,Threads,Time(s),Accuracy,Misclassification,TreeStructure
avila.txt,2,CPU,1,0.2660,0.539129,9617,"[0,0.21641450,[8,0.13838020,3,7],[4,0.91036570,0,4]]"
avila.txt,2,CPU,2,0.1990,0.539129,9617,"[0,0.21641450,[8,0.13838020,3,7],[4,0.91036570,0,4]]"
avila.txt,2,CPU,3,0.1720,0.539129,9617,"[0,0.21641450,[8,0.13838020,3,7],[4,0.91036570,0,4]]"
avila.txt,2,CPU,4,0.1520,0.539129,9617,"[0,0.21641450,[8,0.13838020,3,7],[4,0.91036570,0,4]]"
avila.txt,2,CPU,5,0.1570,0.539129,9617,"[0,0.21641450,[8,0.13838020,3,7],[4,0.91036570,0,4]]"
avila.txt,2,CPU,6,0.1460,0.539129,9617,"[0,0.21641450,[8,0.13838020,3,7],[4,0.91036570,0,4]]"
avila.txt,2,CPU,7,0.1510,0.539129,9617,"[0,0.21641450,[8,0.13838020,3,7],[4,0.91036570,0,4]]"
avila.txt,2,CPU,8,0.4170,0.539129,9617,"[0,0.21641450,[8,0.13838020,3,7],[4,0.91036570,0,4]]"
avila.txt,2,CPU,9,0.4300,0.539129,9617,"[0,0.21641450,[8,0.13838020,3,7],[4,0.91036570,0,4]]"
avila.txt,2,CPU,10,0.4970,0.539129,9617,"[0,0.21641450,[8,0.13838020,3,7],[4,0.91036570,0,4]]"
avila.txt,2,CPU,15,0.5030,0.539129,9617,"[0,0.21641450,[8,0.13838020,3,7],[4,0.91036570,0,4]]"
avila.txt,2,CPU,16,0.5210,0.539129,9617,"[0,0.21641450,[8,0.13838020,3,7],[4,0.91036570,0,4]]"
avila.txt,2,CPU,30,0.5000,0.539129,9617,"[0,0.21641450,[8,0.13838020,3,7],[4,0.91036570,0,4]]"
avila.txt,2,CPU,32,0.5010,0.539129,9617,"[0,0.21641450,[8,0.13838020,3,7],[4,0.91036570,0,4]]"
avila.txt,2,CPU,60,0.5090,0.539129,9617,"[0,0.21641450,[8,0.13838020,3,7],[4,0.91036570,0,4]]"
bank.txt,2,CPU,1,0.0020,0.927114,100,"[1,0.71412611,[0,0.57426810,1,0],[0,0.26502693,1,0]]"
bank.txt,2,CPU,2,0.0010,0.927114,100,"[1,0.71029520,[0,0.57426810,1,0],[0,0.26502693,1,0]]"
bank.txt,2,CPU,3,0.0010,0.927114,100,"[1,0.71029520,[0,0.57426810,1,0],[0,0.26502693,1,0]]"
bank.txt,2,CPU,4,0.0010,0.927114,100,"[1,0.71029520,[0,0.57426810,1,0],[0,0.26502693,1,0]]"
bank.txt,2,CPU,5,0.0010,0.927114,100,"[1,0.71029520,[0,0.57426810,1,0],[0,0.26502693,1,0]]"
bank.txt,2,CPU,6,0.0010,0.927114,100,"[1,0.71029520,[0,0.57426810,1,0],[0,0.26502693,1,0]]"
bank.txt,2,CPU,7,0.0010,0.927114,100,"[1,0.71029520,[0,0.57426810,1,0],[0,0.26502693,1,0]]"
bank.txt,2,CPU,8,0.0010,0.927114,100,"[1,0.71029520,[0,0.57426810,1,0],[0,0.26502693,1,0]]"
bank.txt,2,CPU,9,0.0020,0.927114,100,"[1,0.71029520,[0,0.57426810,1,0],[0,0.26502693,1,0]]"
bank.txt,2,CPU,10,0.0010,0.927114,100,"[1,0.71029520,[0,0.57426810,1,0],[0,0.26502693,1,0]]"
bank.txt,2,CPU,15,0.0020,0.927114,100,"[1,0.71029520,[0,0.57426810,1,0],[0,0.26502693,1,0]]"
bank.txt,2,CPU,16,0.0020,0.927114,100,"[1,0.71029520,[0,0.57426810,1,0],[0,0.26502693,1,0]]"
bank.txt,2,CPU,30,0.0020,0.927114,100,"[1,0.71029520,[0,0.57426810,1,0],[0,0.26502693,1,0]]"
bank.txt,2,CPU,32,0.0020,0.927114,100,"[1,0.71029520,[0,0.57426810,1,0],[0,0.26502693,1,0]]"
bank.txt,2,CPU,60,0.0080,0.927114,100,"[1,0.71029520,[0,0.57426810,1,0],[0,0.26502693,1,0]]"
bean.txt,2,CPU,1,0.5170,0.66145,4608,"[2,0.17494383,[12,0.52589989,0,6],[11,0.29086977,4,5]]"
bean.txt,2,CPU,2,0.2780,0.66145,4608,"[2,0.17494383,[12,0.52589989,0,6],[11,0.29086977,4,5]]"
bean.txt,2,CPU,3,0.1940,0.66145,4608,"[2,0.17030884,[12,0.52671266,0,6],[11,0.29086977,4,5]]"
bean.txt,2,CPU,4,0.2090,0.66145,4608,"[2,0.17030884,[12,0.52671266,0,6],[11,0.29086977,4,5]]"
bean.txt,2,CPU,5,0.2080,0.66145,4608,"[2,0.17030884,[12,0.52671266,0,6],[11,0.29086977,4,5]]"
bean.txt,2,CPU,6,0.2080,0.66145,4608,"[2,0.17030884,[12,0.52671266,0,6],[11,0.29086977,4,5]]"
bean.txt,2,CPU,7,0.2080,0.66145,4608,"[2,0.17030884,[12,0.52671266,0,6],[11,0.29086977,4,5]]"
bean.txt,2,CPU,8,0.2170,0.66145,4608,"[2,0.17030884,[12,0.52671266,0,6],[11,0.29086977,4,5]]"
bean.txt,2,CPU,9,0.2580,0.66145,4608,"[2,0.17030884,[12,0.52671266,0,6],[11,0.29086977,4,5]]"
bean.txt,2,CPU,10,0.2590,0.66145,4608,"[2,0.17030884,[12,0.52671266,0,6],[11,0.29086977,4,5]]"
bean.txt,2,CPU,15,0.2490,0.66145,4608,"[2,0.17030884,[12,0.52671266,0,6],[11,0.29086977,4,5]]"
bean.txt,2,CPU,16,0.2510,0.66145,4608,"[2,0.17030884,[12,0.52671266,0,6],[11,0.29086977,4,5]]"
bean.txt,2,CPU,30,0.2490,0.66145,4608,"[2,0.17030884,[12,0.52671266,0,6],[11,0.29086977,4,5]]"
bean.txt,2,CPU,32,0.2510,0.66145,4608,"[2,0.17030884,[12,0.52671266,0,6],[11,0.29086977,4,5]]"
bean.txt,2,CPU,60,0.2510,0.66145,4608,"[2,0.17030884,[12,0.52671266,0,6],[11,0.29086977,4,5]]"
bidding.txt,2,CPU,1,0.1770,0.982123,113,"[7,0.45001000,[1,0.60786533,0,1],[2,0.25005001,0,1]]"
bidding.txt,2,CPU,2,0.1560,0.982123,113,"[7,0.45001000,[1,0.60786533,0,1],[2,0.25005001,0,1]]"
bidding.txt,2,CPU,3,0.1570,0.982123,113,"[7,0.45001000,[1,0.60786533,0,1],[2,0.25005001,0,1]]"
bidding.txt,2,CPU,4,0.1570,0.982123,113,"[7,0.45001000,[1,0.60786533,0,1],[2,0.25005001,0,1]]"
bidding.txt,2,CPU,5,0.1580,0.982123,113,"[7,0.45001000,[1,0.60786533,0,1],[2,0.25005001,0,1]]"
bidding.txt,2,CPU,6,0.1590,0.982123,113,"[7,0.45001000,[1,0.60786533,0,1],[2,0.25005001,0,1]]"
bidding.txt,2,CPU,7,0.1570,0.982123,113,"[7,0.45001000,[1,0.60786533,0,1],[2,0.25005001,0,1]]"
bidding.txt,2,CPU,8,0.1610,0.982123,113,"[7,0.45001000,[1,0.60786533,0,1],[2,0.25005001,0,1]]"
bidding.txt,2,CPU,9,0.1590,0.982123,113,"[7,0.45001000,[1,0.60786533,0,1],[2,0.25005001,0,1]]"
bidding.txt,2,CPU,10,0.1580,0.982123,113,"[7,0.45001000,[1,0.60786533,0,1],[2,0.25005001,0,1]]"
bidding.txt,2,CPU,15,0.1620,0.982123,113,"[7,0.45001000,[1,0.60786533,0,1],[2,0.25005001,0,1]]"
bidding.txt,2,CPU,16,0.1570,0.982123,113,"[7,0.45001000,[1,0.60786533,0,1],[2,0.25005001,0,1]]"
bidding.txt,2,CPU,30,0.1620,0.982123,113,"[7,0.45001000,[1,0.60786533,0,1],[2,0.25005001,0,1]]"
bidding.txt,2,CPU,32,0.1590,0.982123,113,"[7,0.45001000,[1,0.60786533,0,1],[2,0.25005001,0,1]]"
bidding.txt,2,CPU,60,0.1660,0.982123,113,"[7,0.45001000,[1,0.60786533,0,1],[2,0.25005001,0,1]]"
eeg.txt,2,CPU,1,0.4350,0.669159,4956,"[5,0.34683198,[1,0.23765413,1,0],[6,0.47018027,0,1]]"
eeg.txt,2,CPU,2,0.2680,0.669159,4956,"[5,0.34683198,[1,0.23765413,1,0],[6,0.47018027,0,1]]"
eeg.txt,2,CPU,3,0.2190,0.669159,4956,"[5,0.34683198,[1,0.23765413,1,0],[6,0.47018027,0,1]]"
eeg.txt,2,CPU,4,0.1990,0.669159,4956,"[5,0.34683198,[1,0.23765413,1,0],[6,0.47018027,0,1]]"
eeg.txt,2,CPU,5,0.1940,0.669159,4956,"[5,0.34683198,[1,0.23765413,1,0],[6,0.47018027,0,1]]"
eeg.txt,2,CPU,6,0.1340,0.669159,4956,"[5,0.34683198,[1,0.23765413,1,0],[6,0.47018027,0,1]]"
eeg.txt,2,CPU,7,0.1310,0.669159,4956,"[5,0.34683198,[1,0.23765413,1,0],[6,0.47018027,0,1]]"
eeg.txt,2,CPU,8,0.1330,0.669159,4956,"[5,0.34683198,[1,0.23765413,1,0],[6,0.47018027,0,1]]"
eeg.txt,2,CPU,9,0.1330,0.669159,4956,"[5,0.34683198,[1,0.23765413,1,0],[6,0.47018027,0,1]]"
eeg.txt,2,CPU,10,0.1330,0.669159,4956,"[5,0.34683198,[1,0.23765413,1,0],[6,0.47018027,0,1]]"
eeg.txt,2,CPU,15,0.1330,0.669159,4956,"[5,0.34683198,[1,0.23765413,1,0],[6,0.47018027,0,1]]"
eeg.txt,2,CPU,16,0.1320,0.669159,4956,"[5,0.34683198,[1,0.23765413,1,0],[6,0.47018027,0,1]]"
eeg.txt,2,CPU,30,0.1340,0.669159,4956,"[5,0.34683198,[1,0.23765413,1,0],[6,0.47018027,0,1]]"
eeg.txt,2,CPU,32,0.1330,0.669159,4956,"[5,0.34683198,[1,0.23765413,1,0],[6,0.47018027,0,1]]"
eeg.txt,2,CPU,60,0.1370,0.669159,4956,"[5,0.34683198,[1,0.23765413,1,0],[6,0.47018027,0,1]]"
fault.txt,2,CPU,1,0.1930,0.586296,803,"[11,0.50000000,[17,0.04675123,6,2],[10,0.23285767,1,5]]"
fault.txt,2,CPU,2,0.1000,0.586296,803,"[11,0.50000000,[17,0.04675123,6,2],[10,0.23285767,1,5]]"
fault.txt,2,CPU,3,0.0750,0.586296,803,"[11,0.50000000,[17,0.04675123,6,2],[10,0.23285767,1,5]]"
fault.txt,2,CPU,4,0.0630,0.586296,803,"[11,0.50000000,[17,0.04675123,6,2],[10,0.23285767,1,5]]"
fault.txt,2,CPU,5,0.0540,0.586296,803,"[11,0.50000000,[17,0.04675123,6,2],[10,0.23285767,1,5]]"
fault.txt,2,CPU,6,0.0470,0.586296,803,"[11,0.50000000,[17,0.04675123,6,2],[10,0.23285767,1,5]]"
fault.txt,2,CPU,7,0.0420,0.586296,803,"[11,0.50000000,[17,0.04675123,6,2],[10,0.23285767,1,5]]"
fault.txt,2,CPU,8,0.0390,0.586296,803,"[11,0.50000000,[17,0.04675123,6,2],[10,0.23285767,1,5]]"
fault.txt,2,CPU,9,0.0390,0.586296,803,"[11,0.50000000,[17,0.04675123,6,2],[10,0.23285767,1,5]]"
fault.txt,2,CPU,10,0.0400,0.586296,803,"[11,0.50000000,[17,0.04675123,6,2],[10,0.23285767,1,5]]"
fault.txt,2,CPU,15,0.0740,0.586296,803,"[11,0.50000000,[17,0.04675123,6,2],[10,0.23285767,1,5]]"
fault.txt,2,CPU,16,0.0730,0.586296,803,"[11,0.50000000,[17,0.04675123,6,2],[10,0.23285767,1,5]]"
fault.txt,2,CPU,30,0.0770,0.586296,803,"[11,0.50000000,[17,0.04675123,6,2],[10,0.23285767,1,5]]"
fault.txt,2,CPU,32,0.0780,0.586296,803,"[11,0.50000000,[17,0.04675123,6,2],[10,0.23285767,1,5]]"
fault.txt,2,CPU,60,0.0440,0.586296,803,"[11,0.50000000,[17,0.04675123,6,2],[10,0.23285767,1,5]]"
htru.txt,2,CPU,1,0.4880,0.979383,369,"[5,0.24225587,[2,0.32594705,0,1],[2,0.28715152,0,1]]"
htru.txt,2,CPU,2,0.3290,0.979383,369,"[5,0.24225587,[2,0.32594705,0,1],[2,0.28715152,0,1]]"
htru.txt,2,CPU,3,0.2990,0.979383,369,"[5,0.24225587,[2,0.32594705,0,1],[2,0.28715152,0,1]]"
htru.txt,2,CPU,4,0.2530,0.979383,369,"[5,0.24225587,[2,0.32594705,0,1],[2,0.28715152,0,1]]"
htru.txt,2,CPU,5,0.2420,0.979383,369,"[5,0.24224025,[2,0.32594705,0,1],[2,0.28715152,0,1]]"
htru.txt,2,CPU,6,0.2420,0.979383,369,"[5,0.24193013,[2,0.32594705,0,1],[2,0.28715152,0,1]]"
htru.txt,2,CPU,7,0.2510,0.979383,369,"[5,0.24193013,[2,0.32594705,0,1],[2,0.28715152,0,1]]"
htru.txt,2,CPU,8,0.2420,0.979383,369,"[5,0.24193013,[2,0.32594705,0,1],[2,0.28715152,0,1]]"
htru.txt,2,CPU,9,0.2420,0.979383,369,"[5,0.24193013,[2,0.32594705,0,1],[2,0.28715152,0,1]]"
htru.txt,2,CPU,10,0.2420,0.979383,369,"[5,0.24193013,[2,0.32594705,0,1],[2,0.28715152,0,1]]"
htru.txt,2,CPU,15,0.2430,0.979383,369,"[5,0.24193013,[2,0.32594705,0,1],[2,0.28715152,0,1]]"
htru.txt,2,CPU,16,0.2420,0.979383,369,"[5,0.24193013,[2,0.32594705,0,1],[2,0.28715152,0,1]]"
htru.txt,2,CPU,30,0.2440,0.979383,369,"[5,0.24193013,[2,0.32594705,0,1],[2,0.28715152,0,1]]"
htru.txt,2,CPU,32,0.2470,0.979383,369,"[5,0.24193013,[2,0.32594705,0,1],[2,0.28715152,0,1]]"
htru.txt,2,CPU,60,0.2480,0.979383,369,"[5,0.24193013,[2,0.32594705,0,1],[2,0.28715152,0,1]]"
magic.txt,2,CPU,1,0.5370,0.803049,3746,"[8,0.31728101,[0,0.33447179,0,1],[2,0.15064648,0,1]]"
magic.txt,2,CPU,2,0.3820,0.803049,3746,"[8,0.31728101,[0,0.33447179,0,1],[2,0.15064648,0,1]]"
magic.txt,2,CPU,3,0.2930,0.803049,3746,"[8,0.31728101,[0,0.33447179,0,1],[2,0.15064648,0,1]]"
magic.txt,2,CPU,4,0.2860,0.803049,3746,"[8,0.31728101,[0,0.33447179,0,1],[2,0.15064648,0,1]]"
magic.txt,2,CPU,5,0.2740,0.803049,3746,"[8,0.31728101,[0,0.33447179,0,1],[2,0.15064648,0,1]]"
magic.txt,2,CPU,6,0.2660,0.803049,3746,"[8,0.31728101,[0,0.33447179,0,1],[2,0.15064648,0,1]]"
magic.txt,2,CPU,7,0.2610,0.803049,3746,"[8,0.31728101,[0,0.33447179,0,1],[2,0.15064648,0,1]]"
magic.txt,2,CPU,8,0.2510,0.803049,3746,"[8,0.31728101,[0,0.33447179,0,1],[2,0.15064648,0,1]]"
magic.txt,2,CPU,9,0.1970,0.803049,3746,"[8,0.31728101,[0,0.33447179,0,1],[2,0.15064648,0,1]]"
magic.txt,2,CPU,10,0.2820,0.803049,3746,"[8,0.31728101,[0,0.33447179,0,1],[2,0.15064648,0,1]]"
magic.txt,2,CPU,15,0.2910,0.803049,3746,"[8,0.31728101,[0,0.33447179,0,1],[2,0.15064648,0,1]]"
magic.txt,2,CPU,16,0.2820,0.803049,3746,"[8,0.31728101,[0,0.33447179,0,1],[2,0.15064648,0,1]]"
magic.txt,2,CPU,30,0.2840,0.803049,3746,"[8,0.31728101,[0,0.33447179,0,1],[2,0.15064648,0,1]]"
magic.txt,2,CPU,32,0.2830,0.803049,3746,"[8,0.31728101,[0,0.33447179,0,1],[2,0.15064648,0,1]]"
magic.txt,2,CPU,60,0.2850,0.803049,3746,"[8,0.31728101,[0,0.33447179,0,1],[2,0.15064648,0,1]]"
occupancy.txt,2,CPU,1,0.2200,0.989883,208,"[2,0.24444646,[2,0.22875756,1,0],[3,0.03477375,1,0]]"
occupancy.txt,2,CPU,2,0.1370,0.989883,208,"[2,0.24444646,[2,0.22875756,1,0],[3,0.03477375,1,0]]"
occupancy.txt,2,CPU,3,0.1050,0.989883,208,"[2,0.24444646,[2,0.22875756,1,0],[3,0.03477375,1,0]]"
occupancy.txt,2,CPU,4,0.0870,0.989883,208,"[2,0.24444646,[2,0.22875756,1,0],[3,0.03477375,1,0]]"
occupancy.txt,2,CPU,5,0.1130,0.989883,208,"[2,0.24444646,[2,0.22875756,1,0],[3,0.03477375,1,0]]"
occupancy.txt,2,CPU,6,0.1140,0.989883,208,"[2,0.24444646,[2,0.22875756,1,0],[3,0.03477375,1,0]]"
occupancy.txt,2,CPU,7,0.1130,0.989883,208,"[2,0.24444646,[2,0.22875756,1,0],[3,0.03477375,1,0]]"
occupancy.txt,2,CPU,8,0.1140,0.989883,208,"[2,0.24444646,[2,0.22875756,1,0],[3,0.03477375,1,0]]"
occupancy.txt,2,CPU,9,0.1160,0.989883,208,"[2,0.24444646,[2,0.22875756,1,0],[3,0.03477375,1,0]]"
occupancy.txt,2,CPU,10,0.1150,0.989883,208,"[2,0.24444646,[2,0.22875756,1,0],[3,0.03477375,1,0]]"
occupancy.txt,2,CPU,15,0.1140,0.989883,208,"[2,0.24444646,[2,0.22875756,1,0],[3,0.03477375,1,0]]"
occupancy.txt,2,CPU,16,0.1140,0.989883,208,"[2,0.24444646,[2,0.22875756,1,0],[3,0.03477375,1,0]]"
occupancy.txt,2,CPU,30,0.1150,0.989883,208,"[2,0.24444646,[2,0.22875756,1,0],[3,0.03477375,1,0]]"
occupancy.txt,2,CPU,32,0.1150,0.989883,208,"[2,0.24444646,[2,0.22875756,1,0],[3,0.03477375,1,0]]"
occupancy.txt,2,CPU,60,0.1190,0.989883,208,"[2,0.24444646,[2,0.22875756,1,0],[3,0.03477375,1,0]]"
page.txt,2,CPU,1,0.0310,0.953773,253,"[0,0.00196762,[6,0.00015853,0,1],[3,0.00052636,2,0]]"
page.txt,2,CPU,2,0.0230,0.953773,253,"[0,0.00196762,[6,0.00015853,0,1],[3,0.00052636,2,0]]"
page.txt,2,CPU,3,0.0380,0.953773,253,"[0,0.00196762,[6,0.00015853,0,1],[3,0.00052636,2,0]]"
page.txt,2,CPU,4,0.0380,0.953773,253,"[0,0.00196762,[6,0.00015853,0,1],[3,0.00052636,2,0]]"
page.txt,2,CPU,5,0.0380,0.953773,253,"[0,0.00196762,[6,0.00015853,0,1],[3,0.00052636,2,0]]"
page.txt,2,CPU,6,0.0380,0.953773,253,"[0,0.00196762,[6,0.00015853,0,1],[3,0.00052636,2,0]]"
page.txt,2,CPU,7,0.0380,0.953773,253,"[0,0.00196762,[6,0.00015853,0,1],[3,0.00052636,2,0]]"
page.txt,2,CPU,8,0.0380,0.953773,253,"[0,0.00196762,[6,0.00015853,0,1],[3,0.00052636,2,0]]"
page.txt,2,CPU,9,0.0380,0.953773,253,"[0,0.00196762,[6,0.00015853,0,1],[3,0.00052636,2,0]]"
page.txt,2,CPU,10,0.0470,0.953773,253,"[0,0.00196762,[6,0.00015853,0,1],[3,0.00052636,2,0]]"
page.txt,2,CPU,15,0.0380,0.953773,253,"[0,0.00196762,[6,0.00015853,0,1],[3,0.00052636,2,0]]"
page.txt,2,CPU,16,0.0380,0.953773,253,"[0,0.00196762,[6,0.00015853,0,1],[3,0.00052636,2,0]]"
page.txt,2,CPU,30,0.0390,0.953773,253,"[0,0.00196762,[6,0.00015853,0,1],[3,0.00052636,2,0]]"
page.txt,2,CPU,32,0.0390,0.953773,253,"[0,0.00196762,[6,0.00015853,0,1],[3,0.00052636,2,0]]"
page.txt,2,CPU,60,0.0420,0.953773,253,"[0,0.00196762,[6,0.00015853,0,1],[3,0.00052636,2,0]]"
raisin.txt,2,CPU,1,0.0130,0.878889,109,"[5,0.64839149,[1,0.21875535,0,1],[1,0.25527519,0,1]]"
raisin.txt,2,CPU,2,0.0080,0.878889,109,"[5,0.64839149,[1,0.21875535,0,1],[1,0.25527519,0,1]]"
raisin.txt,2,CPU,3,0.0060,0.878889,109,"[5,0.64839149,[1,0.21875535,0,1],[1,0.25527519,0,1]]"
raisin.txt,2,CPU,4,0.0050,0.878889,109,"[5,0.64839149,[1,0.21875535,0,1],[1,0.25527519,0,1]]"
raisin.txt,2,CPU,5,0.0040,0.878889,109,"[5,0.64839149,[1,0.21875535,0,1],[1,0.25527519,0,1]]"
raisin.txt,2,CPU,6,0.0040,0.878889,109,"[5,0.64991689,[1,0.21875535,0,1],[1,0.25527519,0,1]]"
raisin.txt,2,CPU,7,0.0040,0.878889,109,"[5,0.64991689,[1,0.21875535,0,1],[1,0.25527519,0,1]]"
raisin.txt,2,CPU,8,0.0080,0.878889,109,"[5,0.64991689,[1,0.21875535,0,1],[1,0.25527519,0,1]]"
raisin.txt,2,CPU,9,0.0040,0.878889,109,"[5,0.64991689,[1,0.21875535,0,1],[1,0.25527519,0,1]]"
raisin.txt,2,CPU,10,0.0040,0.878889,109,"[5,0.64991689,[1,0.21875535,0,1],[1,0.25527519,0,1]]"
raisin.txt,2,CPU,15,0.0060,0.878889,109,"[5,0.64991689,[1,0.21875535,0,1],[1,0.25527519,0,1]]"
raisin.txt,2,CPU,16,0.0060,0.878889,109,"[5,0.64991689,[1,0.21875535,0,1],[1,0.25527519,0,1]]"
raisin.txt,2,CPU,30,0.0050,0.878889,109,"[5,0.64991689,[1,0.21875535,0,1],[1,0.25527519,0,1]]"
raisin.txt,2,CPU,32,0.0070,0.878889,109,"[5,0.64991689,[1,0.21875535,0,1],[1,0.25527519,0,1]]"
raisin.txt,2,CPU,60,0.0090,0.878889,109,"[5,0.64991689,[1,0.21875535,0,1],[1,0.25527519,0,1]]"
rice.txt,2,CPU,1,0.0860,0.932546,257,"[1,0.50258470,[2,0.51148570,1,0],[2,0.48363271,1,0]]"
rice.txt,2,CPU,2,0.0420,0.932546,257,"[1,0.50160253,[2,0.51148570,1,0],[2,0.48363271,1,0]]"
rice.txt,2,CPU,3,0.0360,0.932546,257,"[1,0.50160253,[2,0.51148570,1,0],[2,0.48363271,1,0]]"
rice.txt,2,CPU,4,0.0330,0.932546,257,"[1,0.50160253,[2,0.51148570,1,0],[2,0.48363271,1,0]]"
rice.txt,2,CPU,5,0.0300,0.932546,257,"[1,0.50160253,[2,0.51148570,1,0],[2,0.48363271,1,0]]"
rice.txt,2,CPU,6,0.0300,0.932546,257,"[1,0.50160253,[2,0.51148570,1,0],[2,0.48363271,1,0]]"
rice.txt,2,CPU,7,0.0300,0.932546,257,"[1,0.50160253,[2,0.51148570,1,0],[2,0.48363271,1,0]]"
rice.txt,2,CPU,8,0.0320,0.932546,257,"[1,0.50160253,[2,0.51148570,1,0],[2,0.48363271,1,0]]"
rice.txt,2,CPU,9,0.0300,0.932546,257,"[1,0.50160253,[2,0.51148570,1,0],[2,0.48363271,1,0]]"
rice.txt,2,CPU,10,0.0300,0.932546,257,"[1,0.50160253,[2,0.51148570,1,0],[2,0.48363271,1,0]]"
rice.txt,2,CPU,15,0.0300,0.932546,257,"[1,0.50160253,[2,0.51148570,1,0],[2,0.48363271,1,0]]"
rice.txt,2,CPU,16,0.0300,0.932546,257,"[1,0.50160253,[2,0.51148570,1,0],[2,0.48363271,1,0]]"
rice.txt,2,CPU,30,0.0330,0.932546,257,"[1,0.50160253,[2,0.51148570,1,0],[2,0.48363271,1,0]]"
rice.txt,2,CPU,32,0.0310,0.932546,257,"[1,0.50160253,[2,0.51148570,1,0],[2,0.48363271,1,0]]"
rice.txt,2,CPU,60,0.0340,0.932546,257,"[1,0.50160253,[2,0.51148570,1,0],[2,0.48363271,1,0]]"
room.txt,2,CPU,1,0.1010,0.944812,559,"[6,0.55356073,[4,0.55756426,3,0],[5,0.90495777,1,2]]"
room.txt,2,CPU,2,0.0670,0.944812,559,"[6,0.55356073,[4,0.55756426,3,0],[5,0.90495777,1,2]]"
room.txt,2,CPU,3,0.0500,0.944812,559,"[6,0.55356073,[4,0.55756426,3,0],[5,0.90495777,1,2]]"
room.txt,2,CPU,4,0.0400,0.944812,559,"[6,0.55356073,[4,0.55756426,3,0],[5,0.90495777,1,2]]"
room.txt,2,CPU,5,0.0350,0.944812,559,"[6,0.55356073,[4,0.55756426,3,0],[5,0.90495777,1,2]]"
room.txt,2,CPU,6,0.0340,0.944812,559,"[6,0.55356073,[4,0.55756426,3,0],[5,0.90495777,1,2]]"
room.txt,2,CPU,7,0.0350,0.944812,559,"[6,0.55356073,[4,0.55756426,3,0],[5,0.90495777,1,2]]"
room.txt,2,CPU,8,0.0410,0.944812,559,"[6,0.55356073,[4,0.55756426,3,0],[5,0.90495777,1,2]]"
room.txt,2,CPU,9,0.0430,0.944812,559,"[6,0.55356073,[4,0.55756426,3,0],[5,0.90495777,1,2]]"
room.txt,2,CPU,10,0.0440,0.944812,559,"[6,0.55356073,[4,0.55756426,3,0],[5,0.90495777,1,2]]"
room.txt,2,CPU,15,0.0670,0.944812,559,"[6,0.55356073,[4,0.55756426,3,0],[5,0.90495777,1,2]]"
room.txt,2,CPU,16,0.0650,0.944812,559,"[6,0.55356073,[4,0.55756426,3,0],[5,0.90495777,1,2]]"
room.txt,2,CPU,30,0.0700,0.944812,559,"[6,0.55356073,[4,0.55756426,3,0],[5,0.90495777,1,2]]"
room.txt,2,CPU,32,0.0660,0.944812,559,"[6,0.55356073,[4,0.55756426,3,0],[5,0.90495777,1,2]]"
room.txt,2,CPU,60,0.0680,0.944812,559,"[6,0.55356073,[4,0.55756426,3,0],[5,0.90495777,1,2]]"
segment.txt,2,CPU,1,0.0720,0.571429,990,"[1,0.56873620,[8,0.57847643,1,2],[13,0.23358271,3,0]]"
segment.txt,2,CPU,2,0.0400,0.571429,990,"[1,0.56873620,[8,0.57847643,1,2],[13,0.23358271,3,0]]"
segment.txt,2,CPU,3,0.0330,0.571429,990,"[1,0.56873620,[8,0.57847643,1,2],[13,0.23358271,3,0]]"
segment.txt,2,CPU,4,0.0300,0.571429,990,"[1,0.56873620,[8,0.57847643,1,2],[13,0.23358271,3,0]]"
segment.txt,2,CPU,5,0.0290,0.571429,990,"[1,0.56873620,[8,0.57847643,1,2],[13,0.23358271,3,0]]"
segment.txt,2,CPU,6,0.0260,0.571429,990,"[1,0.56873620,[8,0.57847643,1,2],[13,0.23358271,3,0]]"
segment.txt,2,CPU,7,0.0240,0.571429,990,"[1,0.56873620,[8,0.57847643,1,2],[13,0.23358271,3,0]]"
segment.txt,2,CPU,8,0.0230,0.571429,990,"[1,0.56873620,[8,0.57847643,1,2],[13,0.23358271,3,0]]"
segment.txt,2,CPU,9,0.0260,0.571429,990,"[1,0.56873620,[8,0.57847643,1,2],[13,0.23358271,3,0]]"
segment.txt,2,CPU,10,0.0240,0.571429,990,"[1,0.56873620,[8,0.57847643,1,2],[13,0.23358271,3,0]]"
segment.txt,2,CPU,15,0.0350,0.571429,990,"[1,0.56873620,[8,0.57847643,1,2],[13,0.23358271,3,0]]"
segment.txt,2,CPU,16,0.0290,0.571429,990,"[1,0.56873620,[8,0.57847643,1,2],[13,0.23358271,3,0]]"
segment.txt,2,CPU,30,0.0290,0.571429,990,"[1,0.56873620,[8,0.57847643,1,2],[13,0.23358271,3,0]]"
segment.txt,2,CPU,32,0.0290,0.571429,990,"[1,0.56873620,[8,0.57847643,1,2],[13,0.23358271,3,0]]"
segment.txt,2,CPU,60,0.0350,0.571429,990,"[1,0.56873620,[8,0.57847643,1,2],[13,0.23358271,3,0]]"
skin.txt,2,CPU,1,0.4050,0.926874,17920,"[0,0.49607921,[2,0.46863371,1,0],[2,0.83718747,1,0]]"
skin.txt,2,CPU,2,0.3850,0.926874,17920,"[0,0.49607921,[2,0.46863371,1,0],[2,0.83718747,1,0]]"
skin.txt,2,CPU,3,0.3860,0.926874,17920,"[0,0.49607921,[2,0.46863371,1,0],[2,0.83718747,1,0]]"
skin.txt,2,CPU,4,0.3870,0.926874,17920,"[0,0.49607921,[2,0.46863371,1,0],[2,0.83718747,1,0]]"
skin.txt,2,CPU,5,0.3850,0.926874,17920,"[0,0.49607921,[2,0.46863371,1,0],[2,0.83718747,1,0]]"
skin.txt,2,CPU,6,0.3900,0.926874,17920,"[0,0.49607921,[2,0.46863371,1,0],[2,0.83718747,1,0]]"
skin.txt,2,CPU,7,0.3760,0.926874,17920,"[0,0.49607921,[2,0.46863371,1,0],[2,0.83718747,1,0]]"
skin.txt,2,CPU,8,0.3890,0.926874,17920,"[0,0.49607921,[2,0.46863371,1,0],[2,0.83718747,1,0]]"
skin.txt,2,CPU,9,0.3870,0.926874,17920,"[0,0.49607921,[2,0.46863371,1,0],[2,0.83718747,1,0]]"
skin.txt,2,CPU,10,0.3860,0.926874,17920,"[0,0.49607921,[2,0.46863371,1,0],[2,0.83718747,1,0]]"
skin.txt,2,CPU,15,0.3750,0.926874,17920,"[0,0.49607921,[2,0.46863371,1,0],[2,0.83718747,1,0]]"
skin.txt,2,CPU,16,0.3820,0.926874,17920,"[0,0.49607921,[2,0.46863371,1,0],[2,0.83718747,1,0]]"
skin.txt,2,CPU,30,0.3950,0.926874,17920,"[0,0.49607921,[2,0.46863371,1,0],[2,0.83718747,1,0]]"
skin.txt,2,CPU,32,0.3910,0.926874,17920,"[0,0.49607921,[2,0.46863371,1,0],[2,0.83718747,1,0]]"
skin.txt,2,CPU,60,0.3890,0.926874,17920,"[0,0.49607921,[2,0.46863371,1,0],[2,0.83718747,1,0]]"
wilt.txt,2,CPU,1,0.0810,0.971482,138,"[1,0.06082730,[2,0.03808412,1,0],1]"
wilt.txt,2,CPU,2,0.0690,0.971482,138,"[1,0.06082730,[2,0.03808412,1,0],1]"
wilt.txt,2,CPU,3,0.0690,0.971482,138,"[2,0.03808620,1,[1,0.06083386,0,1]]"
wilt.txt,2,CPU,4,0.0700,0.971482,138,"[2,0.03808620,1,[1,0.06083386,0,1]]"
wilt.txt,2,CPU,5,0.0810,0.971482,138,"[2,0.03808620,1,[1,0.06083386,0,1]]"
wilt.txt,2,CPU,6,0.0700,0.971482,138,"[2,0.03808620,1,[1,0.06083386,0,1]]"
wilt.txt,2,CPU,7,0.0690,0.971482,138,"[2,0.03808620,1,[1,0.06083386,0,1]]"
wilt.txt,2,CPU,8,0.0690,0.971482,138,"[2,0.03808620,1,[1,0.06083386,0,1]]"
wilt.txt,2,CPU,9,0.0690,0.971482,138,"[2,0.03808620,1,[1,0.06083386,0,1]]"
wilt.txt,2,CPU,10,0.0690,0.971482,138,"[2,0.03808620,1,[1,0.06083386,0,1]]"
wilt.txt,2,CPU,15,0.0690,0.971482,138,"[2,0.03808620,1,[1,0.06083386,0,1]]"
wilt.txt,2,CPU,16,0.0690,0.971482,138,"[2,0.03808620,1,[1,0.06083386,0,1]]"
wilt.txt,2,CPU,30,0.0700,0.971482,138,"[2,0.03808620,1,[1,0.06083386,0,1]]"
wilt.txt,2,CPU,32,0.0700,0.971482,138,"[2,0.03808620,1,[1,0.06083386,0,1]]"
wilt.txt,2,CPU,60,0.0710,0.971482,138,"[2,0.03808620,1,[1,0.06083386,0,1]]"
avila.txt,3,CPU,1,72.5660,0.584799,8664,"[0,0.21641450,[0,0.18056348,[3,0.68755186,0,7],[8,0.13838020,3,7]],[4,0.88798213,[1,0.00804203,0,1],[2,0.06779179,4,5]]]"
avila.txt,3,CPU,2,24.4380,0.584799,8664,"[0,0.21641450,[0,0.18056348,[3,0.68755186,0,7],[8,0.13838020,3,7]],[4,0.88798213,[1,0.00804203,0,1],[2,0.06779179,4,5]]]"
avila.txt,3,CPU,3,12.9560,0.584799,8664,"[0,0.21641450,[0,0.18056348,[3,0.68755186,0,7],[8,0.13838020,3,7]],[4,0.88798213,[1,0.00804203,0,1],[2,0.06779179,4,5]]]"
avila.txt,3,CPU,4,11.7600,0.584799,8664,"[0,0.21641450,[0,0.18056348,[3,0.68755186,0,7],[8,0.13838020,3,7]],[4,0.88798213,[1,0.00804203,0,1],[2,0.06779179,4,5]]]"
avila.txt,3,CPU,5,9.2790,0.584799,8664,"[0,0.21641450,[0,0.18056348,[3,0.68755186,0,7],[8,0.13838020,3,7]],[4,0.88798213,[1,0.00804203,0,1],[2,0.06779179,4,5]]]"
avila.txt,3,CPU,6,8.8430,0.584799,8664,"[0,0.21641450,[0,0.18056348,[3,0.68755186,0,7],[8,0.13838020,3,7]],[4,0.88798213,[1,0.00804203,0,1],[2,0.06779179,4,5]]]"
avila.txt,3,CPU,7,7.8290,0.584799,8664,"[0,0.21641450,[0,0.18056348,[3,0.68755186,0,7],[8,0.13838020,3,7]],[4,0.88798213,[1,0.00804203,0,1],[2,0.06779179,4,5]]]"
avila.txt,3,CPU,8,24.3010,0.584799,8664,"[0,0.21641450,[0,0.18056348,[3,0.68755186,0,7],[8,0.13838020,3,7]],[4,0.88798213,[1,0.00804203,0,1],[2,0.06779179,4,5]]]"
avila.txt,3,CPU,9,24.9580,0.584799,8664,"[0,0.21641450,[0,0.18056348,[3,0.68755186,0,7],[8,0.13838020,3,7]],[4,0.88798213,[1,0.00804203,0,1],[2,0.06779179,4,5]]]"
avila.txt,3,CPU,10,38.4340,0.584799,8664,"[0,0.21641450,[0,0.18056348,[3,0.68755186,0,7],[8,0.13838020,3,7]],[4,0.88798213,[1,0.00804203,0,1],[2,0.06779179,4,5]]]"
avila.txt,3,CPU,15,32.4610,0.584799,8664,"[0,0.21641450,[0,0.18056348,[3,0.68755186,0,7],[8,0.13838020,3,7]],[4,0.88798213,[1,0.00804203,0,1],[2,0.06779179,4,5]]]"
avila.txt,3,CPU,16,32.3790,0.584799,8664,"[0,0.21641450,[0,0.18056348,[3,0.68755186,0,7],[8,0.13838020,3,7]],[4,0.88798213,[1,0.00804203,0,1],[2,0.06779179,4,5]]]"
avila.txt,3,CPU,30,32.0210,0.584799,8664,"[0,0.21641450,[0,0.18056348,[3,0.68755186,0,7],[8,0.13838020,3,7]],[4,0.88798213,[1,0.00804203,0,1],[2,0.06779179,4,5]]]"
avila.txt,3,CPU,32,32.2740,0.584799,8664,"[0,0.21641450,[0,0.18056348,[3,0.68755186,0,7],[8,0.13838020,3,7]],[4,0.88798213,[1,0.00804203,0,1],[2,0.06779179,4,5]]]"
avila.txt,3,CPU,60,32.6430,0.584799,8664,"[0,0.21641450,[0,0.18056348,[3,0.68755186,0,7],[8,0.13838020,3,7]],[4,0.88798213,[1,0.00804203,0,1],[2,0.06779179,4,5]]]"
bank.txt,3,CPU,1,0.0930,0.983236,23,"[2,0.23757505,[1,0.70522410,[0,0.68247366,1,0],[0,0.27478564,1,0]],[1,0.54188037,[0,0.47447777,1,0],[0,0.30326140,1,0]]]"
bank.txt,3,CPU,2,0.0210,0.983236,23,"[2,0.23757505,[1,0.70522410,[0,0.68247366,1,0],[0,0.27478564,1,0]],[1,0.54149342,[0,0.47447777,1,0],[0,0.30326140,1,0]]]"
bank.txt,3,CPU,3,0.0180,0.983236,23,"[2,0.23757505,[1,0.70522410,[0,0.68247366,1,0],[0,0.27478564,1,0]],[1,0.54149342,[0,0.47447777,1,0],[0,0.30326140,1,0]]]"
bank.txt,3,CPU,4,0.0190,0.983236,23,"[2,0.23757505,[1,0.70522410,[0,0.68247366,1,0],[0,0.27478564,1,0]],[1,0.54149342,[0,0.47447777,1,0],[0,0.30326140,1,0]]]"
bank.txt,3,CPU,5,0.0240,0.983236,23,"[2,0.23757505,[1,0.70522410,[0,0.68247366,1,0],[0,0.27478564,1,0]],[1,0.54149342,[0,0.47447777,1,0],[0,0.30326140,1,0]]]"
bank.txt,3,CPU,6,0.0340,0.983236,23,"[2,0.23757505,[1,0.70522410,[0,0.68247366,1,0],[0,0.27478564,1,0]],[1,0.54149342,[0,0.47447777,1,0],[0,0.30326140,1,0]]]"
bank.txt,3,CPU,7,0.0380,0.983236,23,"[2,0.23757505,[1,0.70522410,[0,0.68247366,1,0],[0,0.27478564,1,0]],[1,0.54149342,[0,0.47447777,1,0],[0,0.30326140,1,0]]]"
bank.txt,3,CPU,8,0.0410,0.983236,23,"[2,0.23757505,[1,0.70522410,[0,0.68247366,1,0],[0,0.27478564,1,0]],[1,0.54149342,[0,0.47447777,1,0],[0,0.30326140,1,0]]]"
bank.txt,3,CPU,9,0.0430,0.983236,23,"[2,0.23757505,[1,0.70522410,[0,0.68247366,1,0],[0,0.27478564,1,0]],[1,0.54149342,[0,0.47447777,1,0],[0,0.30326140,1,0]]]"
bank.txt,3,CPU,10,0.0410,0.983236,23,"[2,0.23757505,[1,0.70522410,[0,0.68247366,1,0],[0,0.27478564,1,0]],[1,0.54149342,[0,0.47447777,1,0],[0,0.30326140,1,0]]]"
bank.txt,3,CPU,15,0.0550,0.983236,23,"[2,0.23757505,[1,0.70522410,[0,0.68247366,1,0],[0,0.27478564,1,0]],[1,0.54149342,[0,0.47447777,1,0],[0,0.30326140,1,0]]]"
bank.txt,3,CPU,16,0.0550,0.983236,23,"[2,0.23757505,[1,0.70522410,[0,0.68247366,1,0],[0,0.27478564,1,0]],[1,0.54149342,[0,0.47447777,1,0],[0,0.30326140,1,0]]]"
bank.txt,3,CPU,30,0.1100,0.983236,23,"[2,0.23757505,[1,0.70522410,[0,0.68247366,1,0],[0,0.27478564,1,0]],[1,0.54149342,[0,0.47447777,1,0],[0,0.30326140,1,0]]]"
bank.txt,3,CPU,32,0.0920,0.983236,23,"[2,0.23757505,[1,0.70522410,[0,0.68247366,1,0],[0,0.27478564,1,0]],[1,0.54149342,[0,0.47447777,1,0],[0,0.30326140,1,0]]]"
bank.txt,3,CPU,60,0.1790,0.983236,23,"[2,0.23757505,[1,0.70522410,[0,0.68247366,1,0],[0,0.27478564,1,0]],[1,0.54149342,[0,0.47447777,1,0],[0,0.30326140,1,0]]]"
bean.txt,3,CPU,1,124.1540,0.871574,1748,"[12,0.43143722,[13,0.22221223,[3,0.55615884,3,2],[1,0.24278200,0,1]],[2,0.17030884,[12,0.52671266,0,6],[11,0.28985077,4,5]]]"
bean.txt,3,CPU,2,31.0960,0.871574,1748,"[12,0.43143722,[13,0.22221223,[3,0.55615884,3,2],[1,0.24278200,0,1]],[2,0.17030884,[12,0.52671266,0,6],[11,0.28985077,4,5]]]"
bean.txt,3,CPU,3,13.7700,0.871574,1748,"[12,0.43143722,[13,0.22221223,[3,0.55615884,3,2],[1,0.24278200,0,1]],[2,0.17030884,[12,0.52671266,0,6],[11,0.28985077,4,5]]]"
bean.txt,3,CPU,4,8.6340,0.871574,1748,"[12,0.43143722,[13,0.22221223,[3,0.55615884,3,2],[1,0.24278200,0,1]],[2,0.17030884,[12,0.52671266,0,6],[11,0.28985077,4,5]]]"
bean.txt,3,CPU,5,7.6310,0.871574,1748,"[12,0.43143722,[13,0.22221223,[3,0.55615884,3,2],[1,0.24278200,0,1]],[2,0.17030884,[12,0.52671266,0,6],[11,0.28985077,4,5]]]"
bean.txt,3,CPU,6,6.7910,0.871574,1748,"[12,0.43143722,[13,0.22221223,[3,0.55615884,3,2],[1,0.24278200,0,1]],[2,0.17030884,[12,0.52671266,0,6],[11,0.28985077,4,5]]]"
bean.txt,3,CPU,7,6.5370,0.871574,1748,"[12,0.43143722,[13,0.22221223,[3,0.55615884,3,2],[1,0.24278200,0,1]],[2,0.17030884,[12,0.52671266,0,6],[11,0.28985077,4,5]]]"
bean.txt,3,CPU,8,6.1070,0.871574,1748,"[12,0.43143722,[13,0.22221223,[3,0.55615884,3,2],[1,0.24278200,0,1]],[2,0.17030884,[12,0.52671266,0,6],[11,0.28985077,4,5]]]"
bean.txt,3,CPU,9,6.6160,0.871574,1748,"[12,0.43143722,[13,0.22221223,[3,0.55615884,3,2],[1,0.24278200,0,1]],[2,0.17030884,[12,0.52671266,0,6],[11,0.28985077,4,5]]]"
bean.txt,3,CPU,10,9.4540,0.871574,1748,"[12,0.43143722,[13,0.22221223,[3,0.55615884,3,2],[1,0.24278200,0,1]],[2,0.17030884,[12,0.52671266,0,6],[11,0.28985077,4,5]]]"
bean.txt,3,CPU,15,8.7620,0.871574,1748,"[12,0.43143722,[13,0.22221223,[3,0.55615884,3,2],[1,0.24278200,0,1]],[2,0.17030884,[12,0.52671266,0,6],[11,0.28985077,4,5]]]"
bean.txt,3,CPU,16,8.5700,0.871574,1748,"[12,0.43143722,[13,0.22221223,[3,0.55615884,3,2],[1,0.24278200,0,1]],[2,0.17030884,[12,0.52671266,0,6],[11,0.28985077,4,5]]]"
bean.txt,3,CPU,30,8.4990,0.871574,1748,"[12,0.43143722,[13,0.22221223,[3,0.55615884,3,2],[1,0.24278200,0,1]],[2,0.17030884,[12,0.52671266,0,6],[11,0.28985077,4,5]]]"
bean.txt,3,CPU,32,8.1360,0.871574,1748,"[12,0.43143722,[13,0.22221223,[3,0.55615884,3,2],[1,0.24278200,0,1]],[2,0.17030884,[12,0.52671266,0,6],[11,0.28985077,4,5]]]"
bean.txt,3,CPU,60,9.6560,0.871574,1748,"[12,0.43143722,[13,0.22221223,[3,0.55615884,3,2],[1,0.24278200,0,1]],[2,0.17030884,[12,0.52671266,0,6],[11,0.28985077,4,5]]]"
bidding.txt,3,CPU,1,14.2220,0.99209,50,"[8,0.55554444,[8,0.11118889,[2,0.25005001,0,1],[2,0.74994999,0,1]],[1,0.08650230,0,[2,0.25005001,0,1]]]"
bidding.txt,3,CPU,2,2.5500,0.99209,50,"[8,0.55554444,[8,0.11118889,[2,0.25005001,0,1],[2,0.74994999,0,1]],[1,0.08650230,0,[2,0.25005001,0,1]]]"
bidding.txt,3,CPU,3,1.5630,0.99209,50,"[8,0.55554444,[8,0.11118889,[2,0.25005001,0,1],[2,0.74994999,0,1]],[2,0.25005001,0,[1,0.08903313,0,1]]]"
bidding.txt,3,CPU,4,0.9760,0.99209,50,"[8,0.55554444,[8,0.11118889,[2,0.25005001,0,1],[2,0.74994999,0,1]],[2,0.25005001,0,[1,0.08903313,0,1]]]"
bidding.txt,3,CPU,5,0.8050,0.99209,50,"[8,0.55554444,[8,0.11118889,[2,0.25005001,0,1],[2,0.74994999,0,1]],[2,0.25005001,0,[1,0.08903313,0,1]]]"
bidding.txt,3,CPU,6,0.6860,0.99209,50,"[8,0.55554444,[8,0.11118889,[2,0.25005001,0,1],[2,0.74994999,0,1]],[2,0.25005001,0,[1,0.08903313,0,1]]]"
bidding.txt,3,CPU,7,0.6240,0.99209,50,"[8,0.55554444,[8,0.11118889,[2,0.25005001,0,1],[2,0.74994999,0,1]],[2,0.25005001,0,[1,0.08903313,0,1]]]"
bidding.txt,3,CPU,8,0.4350,0.99209,50,"[8,0.55554444,[8,0.11118889,[2,0.25005001,0,1],[2,0.74994999,0,1]],[1,0.08650230,0,[2,0.25005001,0,1]]]"
bidding.txt,3,CPU,9,0.4220,0.99209,50,"[8,0.55554444,[8,0.11118889,[2,0.25005001,0,1],[2,0.74994999,0,1]],[2,0.25005001,0,[1,0.08903313,0,1]]]"
bidding.txt,3,CPU,10,0.3880,0.99209,50,"[8,0.55554444,[8,0.11118889,[2,0.25005001,0,1],[2,0.74994999,0,1]],[2,0.25005001,0,[1,0.08903313,0,1]]]"
bidding.txt,3,CPU,15,0.4110,0.99209,50,"[8,0.55554444,[8,0.11118889,[2,0.25005001,0,1],[2,0.74994999,0,1]],[2,0.25005001,0,[1,0.08903313,0,1]]]"
bidding.txt,3,CPU,16,0.4110,0.99209,50,"[8,0.55554444,[8,0.11118889,[2,0.25005001,0,1],[2,0.74994999,0,1]],[2,0.25005001,0,[1,0.08903313,0,1]]]"
bidding.txt,3,CPU,30,0.4330,0.99209,50,"[8,0.55554444,[8,0.11118889,[2,0.25005001,0,1],[2,0.74994999,0,1]],[2,0.25005001,0,[1,0.08903313,0,1]]]"
bidding.txt,3,CPU,32,0.4260,0.99209,50,"[8,0.55554444,[8,0.11118889,[2,0.25005001,0,1],[2,0.74994999,0,1]],[2,0.25005001,0,[1,0.08903313,0,1]]]"
bidding.txt,3,CPU,60,0.4610,0.99209,50,"[8,0.55554444,[8,0.11118889,[2,0.25005001,0,1],[2,0.74994999,0,1]],[2,0.25005001,0,[1,0.08903313,0,1]]]"
eeg.txt,3,CPU,1,214.7150,0.709613,4350,"[1,0.23765413,[5,0.34692776,[11,0.42278886,0,1],[13,0.53193331,0,1]],[6,0.47270551,[6,0.46080154,1,0],[5,0.36464834,1,0]]]"
eeg.txt,3,CPU,2,55.6420,0.709613,4350,"[1,0.23765413,[5,0.34692776,[11,0.42278886,0,1],[13,0.53193331,0,1]],[6,0.47270551,[6,0.46080154,1,0],[5,0.36464834,1,0]]]"
eeg.txt,3,CPU,3,35.9460,0.709613,4350,"[1,0.23765413,[5,0.34692776,[11,0.42278886,0,1],[13,0.53193331,0,1]],[6,0.47270551,[6,0.46080154,1,0],[5,0.36464834,1,0]]]"
eeg.txt,3,CPU,4,25.6670,0.709613,4350,"[1,0.23765413,[5,0.34692776,[11,0.42278886,0,1],[13,0.53193331,0,1]],[6,0.47270551,[6,0.46080154,1,0],[5,0.36464834,1,0]]]"
eeg.txt,3,CPU,5,19.8650,0.709613,4350,"[1,0.23765413,[5,0.34692776,[11,0.42278886,0,1],[13,0.53193331,0,1]],[6,0.47270551,[6,0.46080154,1,0],[5,0.36464834,1,0]]]"
eeg.txt,3,CPU,6,14.4100,0.709613,4350,"[1,0.23765413,[5,0.34692776,[11,0.42278886,0,1],[13,0.53193331,0,1]],[6,0.47270551,[6,0.46080154,1,0],[5,0.36464834,1,0]]]"
eeg.txt,3,CPU,7,12.7860,0.709613,4350,"[1,0.23765413,[5,0.34692776,[11,0.42278886,0,1],[13,0.53193331,0,1]],[6,0.47270551,[6,0.46080154,1,0],[5,0.36464834,1,0]]]"
eeg.txt,3,CPU,8,12.4190,0.709613,4350,"[1,0.23765413,[5,0.34692776,[11,0.42278886,0,1],[13,0.53193331,0,1]],[6,0.47270551,[6,0.46080154,1,0],[5,0.36464834,1,0]]]"
eeg.txt,3,CPU,9,11.5440,0.709613,4350,"[1,0.23765413,[5,0.34692776,[11,0.42278886,0,1],[13,0.53193331,0,1]],[6,0.47270551,[6,0.46080154,1,0],[5,0.36464834,1,0]]]"
eeg.txt,3,CPU,10,11.8460,0.709613,4350,"[1,0.23765413,[5,0.34692776,[11,0.42278886,0,1],[13,0.53193331,0,1]],[6,0.47270551,[6,0.46080154,1,0],[5,0.36464834,1,0]]]"
eeg.txt,3,CPU,15,12.0080,0.709613,4350,"[1,0.23765413,[5,0.34692776,[11,0.42278886,0,1],[13,0.53193331,0,1]],[6,0.47270551,[6,0.46080154,1,0],[5,0.36464834,1,0]]]"
eeg.txt,3,CPU,16,13.0600,0.709613,4350,"[1,0.23765413,[5,0.34692776,[11,0.42278886,0,1],[13,0.53193331,0,1]],[6,0.47270551,[6,0.46080154,1,0],[5,0.36464834,1,0]]]"
eeg.txt,3,CPU,30,13.2400,0.709613,4350,"[1,0.23765413,[5,0.34692776,[11,0.42278886,0,1],[13,0.53193331,0,1]],[6,0.47270551,[6,0.46080154,1,0],[5,0.36464834,1,0]]]"
eeg.txt,3,CPU,32,12.0100,0.709613,4350,"[1,0.23765413,[5,0.34692776,[11,0.42278886,0,1],[13,0.53193331,0,1]],[6,0.47270551,[6,0.46080154,1,0],[5,0.36464834,1,0]]]"
eeg.txt,3,CPU,60,12.1920,0.709613,4350,"[1,0.23765413,[5,0.34692776,[11,0.42278886,0,1],[13,0.53193331,0,1]],[6,0.47270551,[6,0.46080154,1,0],[5,0.36464834,1,0]]]"
fault.txt,3,CPU,1,52.4730,0.676971,627,"[11,0.50000000,[4,0.01159109,[4,0.00027356,3,6],[24,0.65798521,2,6]],[10,0.23638430,[13,0.13468847,1,6],[16,0.46773863,6,5]]]"
fault.txt,3,CPU,2,13.2860,0.676971,627,"[11,0.50000000,[4,0.01159109,[4,0.00027356,3,6],[24,0.65798521,2,6]],[10,0.23638430,[13,0.13468847,1,6],[16,0.46773863,6,5]]]"
fault.txt,3,CPU,3,7.4100,0.676971,627,"[11,0.50000000,[4,0.01159109,[4,0.00027356,3,6],[24,0.65798521,2,6]],[10,0.23638430,[13,0.13468847,1,6],[16,0.46773863,6,5]]]"
fault.txt,3,CPU,4,4.9270,0.676971,627,"[11,0.50000000,[4,0.01159109,[4,0.00027356,3,6],[24,0.65798521,2,6]],[10,0.23638430,[13,0.13468847,1,6],[16,0.46773863,6,5]]]"
fault.txt,3,CPU,5,3.4830,0.676971,627,"[11,0.50000000,[4,0.01159109,[4,0.00027356,3,6],[24,0.65798521,2,6]],[10,0.23638430,[13,0.13468847,1,6],[16,0.46773863,6,5]]]"
fault.txt,3,CPU,6,2.5630,0.676971,627,"[11,0.50000000,[4,0.01159109,[4,0.00027356,3,6],[24,0.65798521,2,6]],[10,0.23638430,[13,0.13468847,1,6],[16,0.46773863,6,5]]]"
fault.txt,3,CPU,7,2.1650,0.676971,627,"[11,0.50000000,[4,0.01159109,[4,0.00027356,3,6],[24,0.65798521,2,6]],[10,0.23638430,[13,0.13468847,1,6],[16,0.46773863,6,5]]]"
fault.txt,3,CPU,8,2.1720,0.676971,627,"[12,0.50000000,[10,0.23638430,[13,0.13468847,1,6],[16,0.46773863,6,5]],[4,0.01159109,[4,0.00027356,3,6],[24,0.65798521,2,6]]]"
fault.txt,3,CPU,9,2.0060,0.676971,627,"[11,0.50000000,[4,0.01159109,[4,0.00027356,3,6],[24,0.65798521,2,6]],[10,0.23638430,[13,0.13468847,1,6],[16,0.46773863,6,5]]]"
fault.txt,3,CPU,10,1.9190,0.676971,627,"[11,0.50000000,[4,0.01159109,[4,0.00027356,3,6],[24,0.65798521,2,6]],[10,0.23638430,[13,0.13468847,1,6],[16,0.46773863,6,5]]]"
fault.txt,3,CPU,15,1.7980,0.676971,627,"[12,0.50000000,[10,0.23638430,[13,0.13468847,1,6],[16,0.46773863,6,5]],[4,0.01159109,[4,0.00027356,3,6],[24,0.65798521,2,6]]]"
fault.txt,3,CPU,16,1.8640,0.676971,627,"[12,0.50000000,[10,0.23638430,[13,0.13468847,1,6],[16,0.46773863,6,5]],[4,0.01159109,[4,0.00027356,3,6],[24,0.65798521,2,6]]]"
fault.txt,3,CPU,30,2.4360,0.676971,627,"[12,0.50000000,[10,0.23638430,[13,0.13468847,1,6],[16,0.46773863,6,5]],[4,0.01159109,[4,0.00027356,3,6],[24,0.65798521,2,6]]]"
fault.txt,3,CPU,32,2.4010,0.676971,627,"[12,0.50000000,[10,0.23638430,[13,0.13468847,1,6],[16,0.46773863,6,5]],[4,0.01159109,[4,0.00027356,3,6],[24,0.65798521,2,6]]]"
fault.txt,3,CPU,60,3.1580,0.676971,627,"[12,0.50000000,[10,0.23638430,[13,0.13468847,1,6],[16,0.46773863,6,5]],[4,0.01159109,[4,0.00027356,3,6],[24,0.65798521,2,6]]]"
htru.txt,3,CPU,1,346.8700,0.980836,343,"[5,0.16213265,[0,0.45509243,[2,0.32580289,0,1],[2,0.29991329,0,1]],[1,0.24312085,[2,0.29925150,0,1],[2,0.27499652,0,1]]]"
htru.txt,3,CPU,2,111.8030,0.980836,343,"[5,0.16213265,[0,0.45509243,[2,0.32580289,0,1],[2,0.29991329,0,1]],[1,0.24312547,[2,0.29925150,0,1],[2,0.27499652,0,1]]]"
htru.txt,3,CPU,3,70.7060,0.980836,343,"[5,0.16213265,[0,0.45509243,[2,0.32580289,0,1],[2,0.29991329,0,1]],[1,0.24312547,[2,0.29925150,0,1],[2,0.27499652,0,1]]]"
htru.txt,3,CPU,4,51.1240,0.980836,343,"[5,0.16213265,[0,0.45509243,[2,0.32580289,0,1],[2,0.29991329,0,1]],[1,0.24312547,[2,0.29925150,0,1],[2,0.27499652,0,1]]]"
htru.txt,3,CPU,5,44.0970,0.980836,343,"[5,0.16213265,[0,0.45509243,[2,0.32580289,0,1],[2,0.29991329,0,1]],[1,0.24312547,[2,0.29925150,0,1],[2,0.27499652,0,1]]]"
htru.txt,3,CPU,6,33.3100,0.980836,343,"[5,0.16206434,[0,0.45509243,[2,0.32580289,0,1],[2,0.29991329,0,1]],[1,0.24312085,[2,0.29925150,0,1],[2,0.27499652,0,1]]]"
htru.txt,3,CPU,7,33.2640,0.980836,343,"[5,0.16206434,[0,0.45509243,[2,0.32580289,0,1],[2,0.29991329,0,1]],[1,0.24312085,[2,0.29925150,0,1],[2,0.27499652,0,1]]]"
htru.txt,3,CPU,8,34.9480,0.980836,343,"[5,0.16206434,[0,0.45509243,[2,0.32580289,0,1],[2,0.29991329,0,1]],[1,0.24312085,[2,0.29925150,0,1],[2,0.27499652,0,1]]]"
htru.txt,3,CPU,9,34.6800,0.980836,343,"[5,0.16206434,[0,0.45509243,[2,0.32580289,0,1],[2,0.29991329,0,1]],[1,0.24312085,[2,0.29925150,0,1],[2,0.27499652,0,1]]]"
htru.txt,3,CPU,10,33.6360,0.980836,343,"[5,0.16206434,[0,0.45509243,[2,0.32580289,0,1],[2,0.29991329,0,1]],[1,0.24312085,[2,0.29925150,0,1],[2,0.27499652,0,1]]]"
htru.txt,3,CPU,15,32.5260,0.980836,343,"[5,0.16206434,[0,0.45509243,[2,0.32580289,0,1],[2,0.29991329,0,1]],[1,0.24312085,[2,0.29925150,0,1],[2,0.27499652,0,1]]]"
htru.txt,3,CPU,16,31.9710,0.980836,343,"[5,0.16206434,[0,0.45509243,[2,0.32580289,0,1],[2,0.29991329,0,1]],[1,0.24312085,[2,0.29925150,0,1],[2,0.27499652,0,1]]]"
htru.txt,3,CPU,30,31.4480,0.980836,343,"[5,0.16202161,[0,0.45509243,[2,0.32580289,0,1],[2,0.29991329,0,1]],[1,0.24312085,[2,0.29925150,0,1],[2,0.27499652,0,1]]]"
htru.txt,3,CPU,32,31.7570,0.980836,343,"[5,0.16206434,[0,0.45509243,[2,0.32580289,0,1],[2,0.29991329,0,1]],[1,0.24312085,[2,0.29925150,0,1],[2,0.27499652,0,1]]]"
htru.txt,3,CPU,60,32.1300,0.980836,343,"[5,0.16213265,[0,0.45509243,[2,0.32580289,0,1],[2,0.29991329,0,1]],[1,0.24312547,[2,0.29925150,0,1],[2,0.27499652,0,1]]]"
magic.txt,3,CPU,1,245.1210,0.829653,3240,"[8,0.26194984,[3,0.57993627,[0,0.34942243,0,1],[2,0.17561191,0,1]],[1,0.05572616,[2,0.15082383,0,1],[0,0.09865573,0,1]]]"
magic.txt,3,CPU,2,77.8770,0.829653,3240,"[8,0.26194984,[3,0.58078849,[0,0.34942243,0,1],[2,0.17561191,0,1]],[1,0.05572616,[2,0.15082383,0,1],[0,0.09865573,0,1]]]"
magic.txt,3,CPU,3,53.2060,0.829653,3240,"[8,0.26194984,[3,0.58078849,[0,0.34942243,0,1],[2,0.17561191,0,1]],[1,0.05572616,[2,0.15082383,0,1],[0,0.09865573,0,1]]]"
magic.txt,3,CPU,4,43.9890,0.829653,3240,"[8,0.26194984,[3,0.58056122,[0,0.34942243,0,1],[2,0.17561191,0,1]],[1,0.05572616,[2,0.15082383,0,1],[0,0.09865573,0,1]]]"
magic.txt,3,CPU,5,38.1640,0.829653,3240,"[8,0.26194984,[3,0.58056122,[0,0.34942243,0,1],[2,0.17561191,0,1]],[1,0.05572616,[2,0.15082383,0,1],[0,0.09865573,0,1]]]"
magic.txt,3,CPU,6,36.0540,0.829653,3240,"[8,0.26194984,[3,0.58056122,[0,0.34942243,0,1],[2,0.17561191,0,1]],[1,0.05572616,[2,0.15082383,0,1],[0,0.09865573,0,1]]]"
magic.txt,3,CPU,7,32.8810,0.829653,3240,"[8,0.26194984,[3,0.58056122,[0,0.34942243,0,1],[2,0.17561191,0,1]],[1,0.05572616,[2,0.15082383,0,1],[0,0.09865573,0,1]]]"
magic.txt,3,CPU,8,35.9630,0.829653,3240,"[8,0.26194984,[3,0.58056122,[0,0.34942243,0,1],[2,0.17561191,0,1]],[1,0.05572616,[2,0.15082383,0,1],[0,0.09865573,0,1]]]"
magic.txt,3,CPU,9,32.3580,0.829653,3240,"[8,0.26194984,[3,0.58056122,[0,0.34942243,0,1],[2,0.17561191,0,1]],[1,0.05572616,[2,0.15082383,0,1],[0,0.09865573,0,1]]]"
magic.txt,3,CPU,10,31.5550,0.829653,3240,"[8,0.26194984,[3,0.58056122,[0,0.34942243,0,1],[2,0.17561191,0,1]],[1,0.05572616,[2,0.15082383,0,1],[0,0.09865573,0,1]]]"
magic.txt,3,CPU,15,31.5880,0.829653,3240,"[8,0.26194984,[3,0.58056122,[0,0.34942243,0,1],[2,0.17561191,0,1]],[1,0.05572616,[2,0.15082383,0,1],[0,0.09865573,0,1]]]"
magic.txt,3,CPU,16,31.6020,0.829653,3240,"[8,0.26194984,[3,0.58056122,[0,0.34942243,0,1],[2,0.17561191,0,1]],[1,0.05572616,[2,0.15082383,0,1],[0,0.09865573,0,1]]]"
magic.txt,3,CPU,30,31.4470,0.829653,3240,"[8,0.26194984,[3,0.58056122,[0,0.34942243,0,1],[2,0.17561191,0,1]],[1,0.05572616,[2,0.15082383,0,1],[0,0.09865573,0,1]]]"
magic.txt,3,CPU,32,30.6090,0.829653,3240,"[8,0.26194984,[3,0.58056122,[0,0.34942243,0,1],[2,0.17561191,0,1]],[1,0.05572616,[2,0.15082383,0,1],[0,0.09865573,0,1]]]"
magic.txt,3,CPU,60,31.7230,0.829653,3240,"[8,0.26194984,[3,0.58056122,[0,0.34942243,0,1],[2,0.17561191,0,1]],[1,0.05572616,[2,0.15082383,0,1],[0,0.09865573,0,1]]]"
occupancy.txt,3,CPU,1,42.0680,0.991002,185,"[3,0.22327098,[2,0.24444646,[2,0.22875756,1,0],[3,0.03477375,1,0]],[1,0.37324005,[2,0.24994445,1,0],[2,0.16955596,1,0]]]"
occupancy.txt,3,CPU,2,12.9320,0.991002,185,"[3,0.22327098,[2,0.24444646,[2,0.22875756,1,0],[3,0.03477375,1,0]],[1,0.37324005,[2,0.24994445,1,0],[2,0.16955596,1,0]]]"
occupancy.txt,3,CPU,3,8.7530,0.991002,185,"[3,0.22327098,[2,0.24444646,[2,0.22875756,1,0],[3,0.03477375,1,0]],[1,0.37324005,[2,0.24994445,1,0],[2,0.16955596,1,0]]]"
occupancy.txt,3,CPU,4,6.3030,0.991002,185,"[3,0.22327098,[2,0.24444646,[2,0.22875756,1,0],[3,0.03477375,1,0]],[1,0.37324005,[2,0.24994445,1,0],[2,0.16955596,1,0]]]"
occupancy.txt,3,CPU,5,5.6360,0.991002,185,"[3,0.22327098,[2,0.24444646,[2,0.22875756,1,0],[3,0.03477375,1,0]],[1,0.37324005,[2,0.24994445,1,0],[2,0.16955596,1,0]]]"
occupancy.txt,3,CPU,6,5.4750,0.991002,185,"[3,0.22327098,[2,0.24444646,[2,0.22875756,1,0],[3,0.03477375,1,0]],[1,0.37324005,[2,0.24994445,1,0],[2,0.16955596,1,0]]]"
occupancy.txt,3,CPU,7,5.1740,0.991002,185,"[3,0.22327098,[2,0.24444646,[2,0.22875756,1,0],[3,0.03477375,1,0]],[1,0.37324005,[2,0.24994445,1,0],[2,0.16955596,1,0]]]"
occupancy.txt,3,CPU,8,5.1080,0.991002,185,"[3,0.22327098,[2,0.24444646,[2,0.22875756,1,0],[3,0.03477375,1,0]],[1,0.37324005,[2,0.24994445,1,0],[2,0.16955596,1,0]]]"
occupancy.txt,3,CPU,9,4.9810,0.991002,185,"[3,0.22327098,[2,0.24444646,[2,0.22875756,1,0],[3,0.03477375,1,0]],[1,0.37324005,[2,0.24994445,1,0],[2,0.16955596,1,0]]]"
occupancy.txt,3,CPU,10,5.0140,0.991002,185,"[3,0.22327098,[2,0.24444646,[2,0.22875756,1,0],[3,0.03477375,1,0]],[1,0.37324005,[2,0.24994445,1,0],[2,0.16955596,1,0]]]"
occupancy.txt,3,CPU,15,4.9000,0.991002,185,"[3,0.22327098,[2,0.24444646,[2,0.22875756,1,0],[3,0.03477375,1,0]],[1,0.37324005,[2,0.24994445,1,0],[2,0.16955596,1,0]]]"
occupancy.txt,3,CPU,16,5.0130,0.991002,185,"[3,0.22327098,[2,0.24444646,[2,0.22875756,1,0],[3,0.03477375,1,0]],[1,0.37324005,[2,0.24994445,1,0],[2,0.16955596,1,0]]]"
occupancy.txt,3,CPU,30,4.5960,0.991002,185,"[3,0.22327098,[2,0.24444646,[2,0.22875756,1,0],[3,0.03477375,1,0]],[1,0.37324005,[2,0.24994445,1,0],[2,0.16955596,1,0]]]"
occupancy.txt,3,CPU,32,4.3240,0.991002,185,"[3,0.22327098,[2,0.24444646,[2,0.22875756,1,0],[3,0.03477375,1,0]],[1,0.37324005,[2,0.24994445,1,0],[2,0.16955596,1,0]]]"
occupancy.txt,3,CPU,60,4.6170,0.991002,185,"[3,0.22327098,[2,0.24444646,[2,0.22875756,1,0],[3,0.03477375,1,0]],[1,0.37324005,[2,0.24994445,1,0],[2,0.16955596,1,0]]]"
page.txt,3,CPU,1,5.6150,0.969304,168,"[3,0.01212662,[4,0.14564051,[0,0.01379589,0,3],[3,0.00052636,2,0]],[0,0.00321270,[6,0.00015853,0,1],[6,0.00389819,0,1]]]"
page.txt,3,CPU,2,2.0960,0.969304,168,"[3,0.01212662,[4,0.14564051,[0,0.01379589,0,3],[3,0.00052636,2,0]],[0,0.00321270,[6,0.00015853,0,1],[6,0.00389819,0,1]]]"
page.txt,3,CPU,3,1.6600,0.969304,168,"[3,0.01212662,[4,0.14564051,[0,0.01379589,0,3],[3,0.00052636,2,0]],[0,0.00321270,[6,0.00015853,0,1],[6,0.00389819,0,1]]]"
page.txt,3,CPU,4,1.1490,0.969304,168,"[3,0.01212662,[4,0.14564051,[0,0.01379589,0,3],[3,0.00052636,2,0]],[0,0.00321270,[6,0.00015853,0,1],[6,0.00389819,0,1]]]"
page.txt,3,CPU,5,1.0290,0.969304,168,"[3,0.01212662,[4,0.14564051,[0,0.01379589,0,3],[3,0.00052636,2,0]],[0,0.00321270,[6,0.00015853,0,1],[6,0.00389819,0,1]]]"
page.txt,3,CPU,6,1.1160,0.969304,168,"[3,0.01212662,[4,0.14564051,[0,0.01379589,0,3],[3,0.00052636,2,0]],[0,0.00321270,[6,0.00015853,0,1],[6,0.00389819,0,1]]]"
page.txt,3,CPU,7,1.2620,0.969304,168,"[3,0.01212662,[4,0.14564051,[0,0.01379589,0,3],[3,0.00052636,2,0]],[0,0.00321270,[6,0.00015853,0,1],[6,0.00389819,0,1]]]"
page.txt,3,CPU,8,1.2660,0.969304,168,"[3,0.01212662,[4,0.14564051,[0,0.01379589,0,3],[3,0.00052636,2,0]],[0,0.00321270,[6,0.00015853,0,1],[6,0.00389819,0,1]]]"
page.txt,3,CPU,9,1.2690,0.969304,168,"[3,0.01212662,[4,0.14564051,[0,0.01379589,0,3],[3,0.00052636,2,0]],[0,0.00321270,[6,0.00015853,0,1],[6,0.00389819,0,1]]]"
page.txt,3,CPU,10,1.2290,0.969304,168,"[3,0.01212662,[4,0.14564051,[0,0.01379589,0,3],[3,0.00052636,2,0]],[0,0.00321270,[6,0.00015853,0,1],[6,0.00389819,0,1]]]"
page.txt,3,CPU,15,1.1860,0.969304,168,"[3,0.01212662,[4,0.14564051,[0,0.01379589,0,3],[3,0.00052636,2,0]],[0,0.00321270,[6,0.00015853,0,1],[6,0.00389819,0,1]]]"
page.txt,3,CPU,16,1.0970,0.969304,168,"[3,0.01212662,[4,0.14564051,[0,0.01379589,0,3],[3,0.00052636,2,0]],[0,0.00321270,[6,0.00015853,0,1],[6,0.00389819,0,1]]]"
page.txt,3,CPU,30,1.3180,0.969304,168,"[3,0.01212662,[4,0.14564051,[0,0.01379589,0,3],[3,0.00052636,2,0]],[0,0.00321270,[6,0.00015853,0,1],[6,0.00389819,0,1]]]"
page.txt,3,CPU,32,1.2390,0.969304,168,"[3,0.01212662,[4,0.14564051,[0,0.01379589,0,3],[3,0.00052636,2,0]],[0,0.00321270,[6,0.00015853,0,1],[6,0.00389819,0,1]]]"
page.txt,3,CPU,60,1.5860,0.969304,168,"[3,0.01212662,[4,0.14564051,[0,0.01379589,0,3],[3,0.00052636,2,0]],[0,0.00321270,[6,0.00015853,0,1],[6,0.00389819,0,1]]]"
raisin.txt,3,CPU,1,1.8060,0.895556,94,"[1,0.25339693,[6,0.24471366,[3,0.85143644,0,1],[5,0.76668704,1,0]],[2,0.31128761,[5,0.78695428,1,0],[6,0.27186441,0,1]]]"
raisin.txt,3,CPU,2,0.7220,0.895556,94,"[1,0.25339693,[6,0.24471366,[3,0.85143644,0,1],[5,0.76668704,1,0]],[2,0.31128761,[5,0.78695428,1,0],[6,0.27186441,0,1]]]"
raisin.txt,3,CPU,3,0.5520,0.895556,94,"[1,0.25339693,[6,0.24471366,[3,0.85143644,0,1],[5,0.76668704,1,0]],[2,0.31128761,[5,0.78695428,1,0],[6,0.27186441,0,1]]]"
raisin.txt,3,CPU,4,0.4000,0.895556,94,"[1,0.25339693,[6,0.24471366,[3,0.85143644,0,1],[5,0.76668704,1,0]],[2,0.31128761,[5,0.78695428,1,0],[6,0.27186441,0,1]]]"
raisin.txt,3,CPU,5,0.3700,0.895556,94,"[4,0.25429386,[5,0.65328741,[1,0.21875535,0,1],[1,0.25576475,0,1]],[1,0.25666210,[5,0.76668704,1,0],[6,0.27641445,0,1]]]"
raisin.txt,3,CPU,6,0.4070,0.895556,94,"[4,0.25429386,[5,0.65357947,[1,0.21875535,0,1],[1,0.25576475,0,1]],[1,0.25666210,[5,0.76668704,1,0],[6,0.27641445,0,1]]]"
raisin.txt,3,CPU,7,0.4190,0.895556,94,"[4,0.25429386,[5,0.65357947,[1,0.21875535,0,1],[1,0.25576475,0,1]],[1,0.25666210,[5,0.76668704,1,0],[6,0.27641445,0,1]]]"
raisin.txt,3,CPU,8,0.3910,0.895556,94,"[4,0.25429386,[5,0.65357947,[1,0.21875535,0,1],[1,0.25576475,0,1]],[1,0.25666210,[5,0.76668704,1,0],[6,0.27641445,0,1]]]"
raisin.txt,3,CPU,9,0.2920,0.895556,94,"[4,0.25429386,[5,0.65357947,[1,0.21875535,0,1],[1,0.25576475,0,1]],[1,0.25666210,[5,0.76668704,1,0],[6,0.27641445,0,1]]]"
raisin.txt,3,CPU,10,0.2940,0.895556,94,"[4,0.25429386,[5,0.65357947,[1,0.21875535,0,1],[1,0.25576475,0,1]],[1,0.25666210,[5,0.76668704,1,0],[6,0.27641445,0,1]]]"
raisin.txt,3,CPU,15,0.3660,0.895556,94,"[4,0.25429386,[5,0.65357947,[1,0.21875535,0,1],[1,0.25576475,0,1]],[1,0.25666210,[5,0.76668704,1,0],[6,0.27641445,0,1]]]"
raisin.txt,3,CPU,16,0.3520,0.895556,94,"[4,0.25429386,[5,0.65357947,[1,0.21875535,0,1],[1,0.25576475,0,1]],[1,0.25666210,[5,0.76668704,1,0],[6,0.27641445,0,1]]]"
raisin.txt,3,CPU,30,0.5730,0.895556,94,"[4,0.25429386,[5,0.65357947,[1,0.21875535,0,1],[1,0.25576475,0,1]],[1,0.25666210,[5,0.76668704,1,0],[6,0.27641445,0,1]]]"
raisin.txt,3,CPU,32,0.5470,0.895556,94,"[4,0.25429386,[5,0.65357947,[1,0.21875535,0,1],[1,0.25576475,0,1]],[1,0.25666210,[5,0.76668704,1,0],[6,0.27641445,0,1]]]"
raisin.txt,3,CPU,60,1.0360,0.895556,94,"[4,0.25429386,[5,0.65357947,[1,0.21875535,0,1],[1,0.25576475,0,1]],[1,0.25666210,[5,0.76668704,1,0],[6,0.27641445,0,1]]]"
rice.txt,3,CPU,1,33.6070,0.93622,243,"[0,0.41398481,[5,0.41202533,[2,0.49756566,1,0],[3,0.50304180,0,1]],[2,0.48441994,[4,0.71377218,1,0],[1,0.50470477,1,0]]]"
rice.txt,3,CPU,2,9.8360,0.93622,243,"[0,0.41398481,[5,0.41202533,[2,0.49756566,1,0],[3,0.50304180,0,1]],[2,0.48441994,[4,0.71377218,1,0],[1,0.50470477,1,0]]]"
rice.txt,3,CPU,3,6.8710,0.93622,243,"[1,0.50258470,[2,0.48921573,[2,0.48866943,1,0],[0,0.40047759,0,1]],[6,0.27890116,[2,0.50889206,1,0],[2,0.48489416,1,0]]]"
rice.txt,3,CPU,4,5.2210,0.93622,243,"[1,0.50258470,[2,0.48921573,[2,0.48866943,1,0],[0,0.40047759,0,1]],[6,0.27890116,[2,0.50889206,1,0],[2,0.48489416,1,0]]]"
rice.txt,3,CPU,5,5.5220,0.93622,243,"[4,0.68913376,[6,0.29848826,[5,0.52676153,1,0],[2,0.49118784,1,0]],[0,0.40210548,[2,0.49756566,1,0],[1,0.50258470,1,0]]]"
rice.txt,3,CPU,6,5.2680,0.93622,243,"[0,0.41398481,[5,0.41202533,[2,0.49756566,1,0],[3,0.50304180,0,1]],[2,0.48441994,[4,0.71377218,1,0],[1,0.50470477,1,0]]]"
rice.txt,3,CPU,7,4.0580,0.93622,243,"[0,0.41398481,[5,0.41202533,[2,0.49756566,1,0],[3,0.50304180,0,1]],[2,0.48441994,[4,0.71377218,1,0],[1,0.50470477,1,0]]]"
rice.txt,3,CPU,8,3.8470,0.93622,243,"[0,0.41398481,[5,0.41202533,[2,0.49756566,1,0],[3,0.50304180,0,1]],[2,0.48441994,[4,0.71377218,1,0],[1,0.50470477,1,0]]]"
rice.txt,3,CPU,9,3.3900,0.93622,243,"[0,0.41398481,[5,0.41202533,[2,0.49756566,1,0],[3,0.50304180,0,1]],[2,0.48441994,[4,0.71377218,1,0],[1,0.50470477,1,0]]]"
rice.txt,3,CPU,10,3.0790,0.93622,243,"[0,0.41398481,[5,0.41202533,[2,0.49756566,1,0],[3,0.50304180,0,1]],[2,0.48441994,[4,0.71377218,1,0],[1,0.50470477,1,0]]]"
rice.txt,3,CPU,15,3.0980,0.93622,243,"[0,0.41398481,[5,0.41202533,[2,0.49756566,1,0],[3,0.50304180,0,1]],[2,0.48441994,[4,0.71377218,1,0],[1,0.50470477,1,0]]]"
rice.txt,3,CPU,16,3.2090,0.93622,243,"[0,0.41398481,[5,0.41202533,[2,0.49756566,1,0],[3,0.50304180,0,1]],[2,0.48441994,[4,0.71377218,1,0],[1,0.50470477,1,0]]]"
rice.txt,3,CPU,30,3.4690,0.93622,243,"[0,0.41398481,[5,0.41202533,[2,0.49756566,1,0],[3,0.50304180,0,1]],[2,0.48441994,[4,0.71377218,1,0],[1,0.50470477,1,0]]]"
rice.txt,3,CPU,32,3.4590,0.93622,243,"[0,0.41398481,[5,0.41202533,[2,0.49756566,1,0],[3,0.50304180,0,1]],[2,0.48441994,[4,0.71377218,1,0],[1,0.50470477,1,0]]]"
rice.txt,3,CPU,60,4.5420,0.93622,243,"[0,0.41398481,[5,0.41202533,[2,0.49756566,1,0],[3,0.50304180,0,1]],[2,0.48441994,[4,0.71377218,1,0],[1,0.50470477,1,0]]]"
room.txt,3,CPU,1,5.1050,0.992102,80,"[4,0.55756426,[1,0.31650728,[13,0.44525266,3,2],[3,0.59874570,2,3]],[5,0.43218410,[6,0.44465393,0,1],[6,0.63033104,1,2]]]"
room.txt,3,CPU,2,1.6470,0.992102,80,"[4,0.55756426,[1,0.31650728,[13,0.44525266,3,2],[3,0.59874570,2,3]],[5,0.43218410,[6,0.44465393,0,1],[6,0.63033104,1,2]]]"
room.txt,3,CPU,3,0.9150,0.992102,80,"[4,0.55756426,[1,0.31650728,[13,0.44525266,3,2],[3,0.59874570,2,3]],[5,0.43218410,[6,0.44465393,0,1],[6,0.63033104,1,2]]]"
room.txt,3,CPU,4,0.6730,0.992102,80,"[4,0.55756426,[1,0.31650728,[13,0.44525266,3,2],[3,0.59874570,2,3]],[5,0.43218410,[6,0.44465393,0,1],[6,0.63033104,1,2]]]"
room.txt,3,CPU,5,0.4380,0.992102,80,"[4,0.55756426,[1,0.31650728,[13,0.44525266,3,2],[3,0.59874570,2,3]],[5,0.43218410,[6,0.44465393,0,1],[6,0.63033104,1,2]]]"
room.txt,3,CPU,6,0.3950,0.992102,80,"[4,0.55756426,[1,0.31650728,[13,0.44525266,3,2],[3,0.59874570,2,3]],[5,0.43218410,[6,0.44465393,0,1],[6,0.63033104,1,2]]]"
room.txt,3,CPU,7,0.4810,0.992102,80,"[4,0.55756426,[1,0.31650728,[13,0.44525266,3,2],[3,0.59874570,2,3]],[5,0.43218410,[6,0.44465393,0,1],[6,0.63033104,1,2]]]"
room.txt,3,CPU,8,0.4710,0.992102,80,"[4,0.55756426,[1,0.31650728,[13,0.44525266,3,2],[3,0.59874570,2,3]],[5,0.43218410,[6,0.44465393,0,1],[6,0.63033104,1,2]]]"
room.txt,3,CPU,9,0.5620,0.992102,80,"[4,0.55756426,[1,0.31650728,[13,0.44525266,3,2],[3,0.59874570,2,3]],[5,0.43218410,[6,0.44465393,0,1],[6,0.63033104,1,2]]]"
room.txt,3,CPU,10,0.5320,0.992102,80,"[4,0.55756426,[1,0.31650728,[13,0.44525266,3,2],[3,0.59874570,2,3]],[5,0.43218410,[6,0.44465393,0,1],[6,0.63033104,1,2]]]"
room.txt,3,CPU,15,0.6890,0.992102,80,"[4,0.55756426,[1,0.31650728,[13,0.44525266,3,2],[3,0.59874570,2,3]],[5,0.43218410,[6,0.44465393,0,1],[6,0.63033104,1,2]]]"
room.txt,3,CPU,16,0.7480,0.992102,80,"[4,0.55756426,[13,0.44449750,[15,0.50000000,3,2],[0,0.67357635,2,3]],[5,0.43218410,[6,0.44465393,0,1],[6,0.63033104,1,2]]]"
room.txt,3,CPU,30,0.7880,0.992102,80,"[4,0.55756426,[1,0.31650728,[13,0.44525266,3,2],[3,0.59874570,2,3]],[5,0.43218410,[6,0.44465393,0,1],[6,0.63033104,1,2]]]"
room.txt,3,CPU,32,0.7830,0.992102,80,"[4,0.55756426,[1,0.31650728,[13,0.44525266,3,2],[3,0.59874570,2,3]],[5,0.43218410,[6,0.44465393,0,1],[6,0.63033104,1,2]]]"
room.txt,3,CPU,60,0.9040,0.992102,80,"[4,0.55756426,[1,0.31650728,[13,0.44525266,3,2],[3,0.59874570,2,3]],[5,0.43218410,[6,0.44465393,0,1],[6,0.63033104,1,2]]]"
segment.txt,3,CPU,1,9.6860,0.879654,278,"[11,0.15634310,[17,0.20136707,[17,0.14785661,1,6],[1,0.56873620,4,3]],[1,0.59789705,[8,0.53175199,5,2],[13,0.21417484,3,0]]]"
segment.txt,3,CPU,2,1.9690,0.879654,278,"[11,0.15634310,[17,0.20136707,[17,0.14785661,1,6],[1,0.56873620,4,3]],[1,0.59789705,[8,0.53175199,5,2],[13,0.21417484,3,0]]]"
segment.txt,3,CPU,3,1.4580,0.879654,278,"[11,0.15634310,[17,0.20136707,[17,0.14785661,1,6],[1,0.56873620,4,3]],[1,0.59789705,[8,0.53175199,5,2],[13,0.21417484,3,0]]]"
segment.txt,3,CPU,4,1.1180,0.879654,278,"[11,0.15634310,[17,0.20136707,[17,0.14785661,1,6],[1,0.56873620,4,3]],[1,0.59789705,[8,0.53175199,5,2],[13,0.21417484,3,0]]]"
segment.txt,3,CPU,5,0.8790,0.879654,278,"[11,0.15634310,[17,0.20136707,[17,0.14785661,1,6],[1,0.56873620,4,3]],[1,0.59789705,[8,0.53175199,5,2],[13,0.21417484,3,0]]]"
segment.txt,3,CPU,6,0.8500,0.879654,278,"[11,0.15556383,[17,0.20136707,[17,0.14785661,1,6],[1,0.56873620,4,3]],[1,0.59789705,[8,0.53175199,5,2],[13,0.21417484,3,0]]]"
segment.txt,3,CPU,7,0.7810,0.879654,278,"[11,0.15712237,[17,0.20136707,[17,0.14785661,1,6],[1,0.56873620,4,3]],[1,0.59789705,[8,0.53175199,5,2],[13,0.21417484,3,0]]]"
segment.txt,3,CPU,8,0.7420,0.879654,278,"[11,0.15556383,[17,0.20136707,[17,0.14785661,1,6],[1,0.56873620,4,3]],[1,0.59789705,[8,0.53175199,5,2],[13,0.21417484,3,0]]]"
segment.txt,3,CPU,9,0.6780,0.879654,278,"[11,0.15556383,[17,0.20136707,[17,0.14785661,1,6],[1,0.56873620,4,3]],[1,0.59789705,[8,0.53175199,5,2],[13,0.21417484,3,0]]]"
segment.txt,3,CPU,10,0.7570,0.879654,278,"[11,0.15712237,[17,0.20136707,[17,0.14785661,1,6],[1,0.56873620,4,3]],[1,0.59789705,[8,0.53175199,5,2],[13,0.21417484,3,0]]]"
segment.txt,3,CPU,15,0.7290,0.879654,278,"[11,0.15712237,[17,0.20136707,[17,0.14785661,1,6],[1,0.56873620,4,3]],[1,0.59789705,[8,0.53175199,5,2],[13,0.21417484,3,0]]]"
segment.txt,3,CPU,16,0.6930,0.879654,278,"[11,0.15712237,[17,0.20136707,[17,0.14785661,1,6],[1,0.56873620,4,3]],[1,0.59789705,[8,0.53175199,5,2],[13,0.21417484,3,0]]]"
segment.txt,3,CPU,30,0.8750,0.879654,278,"[11,0.15634310,[17,0.20136707,[17,0.14785661,1,6],[1,0.56873620,4,3]],[1,0.59789705,[8,0.53175199,5,2],[13,0.21417484,3,0]]]"
segment.txt,3,CPU,32,0.9430,0.879654,278,"[11,0.15712237,[17,0.20136707,[17,0.14785661,1,6],[1,0.56873620,4,3]],[1,0.59789705,[8,0.53175199,5,2],[13,0.21417484,3,0]]]"
segment.txt,3,CPU,60,1.2440,0.879654,278,"[11,0.15712237,[17,0.20136707,[17,0.14785661,1,6],[1,0.56873620,4,3]],[1,0.59789705,[8,0.53175199,5,2],[13,0.21417484,3,0]]]"
skin.txt,3,CPU,1,22.7010,0.96833,7761,"[0,0.49607921,[2,0.56273258,[2,0.46863371,1,0],[1,0.35493100,1,0]],[0,0.82150429,[2,0.82934588,1,0],1]]"
skin.txt,3,CPU,2,9.7900,0.96833,7761,"[0,0.49607921,[2,0.56273258,[2,0.46863371,1,0],[1,0.35493100,1,0]],[0,0.82150429,[2,0.82934588,1,0],1]]"
skin.txt,3,CPU,3,5.8070,0.96833,7761,"[0,0.49607921,[2,0.56273258,[2,0.46863371,1,0],[1,0.35493100,1,0]],[0,0.82150429,[2,0.82934588,1,0],1]]"
skin.txt,3,CPU,4,5.0510,0.96833,7761,"[0,0.49607921,[2,0.56273258,[2,0.46863371,1,0],[1,0.35493100,1,0]],[0,0.82150429,[2,0.82934588,1,0],1]]"
skin.txt,3,CPU,5,4.5930,0.96833,7761,"[0,0.49607921,[2,0.56273258,[2,0.46863371,1,0],[1,0.35493100,1,0]],[0,0.82150429,[2,0.82934588,1,0],1]]"
skin.txt,3,CPU,6,4.6790,0.96833,7761,"[0,0.49607921,[2,0.56273258,[2,0.46863371,1,0],[1,0.35493100,1,0]],[0,0.82150429,[2,0.82934588,1,0],1]]"
skin.txt,3,CPU,7,4.6830,0.96833,7761,"[0,0.49607921,[2,0.56273258,[2,0.46863371,1,0],[1,0.35493100,1,0]],[0,0.82150429,[2,0.82934588,1,0],1]]"
skin.txt,3,CPU,8,4.7750,0.96833,7761,"[0,0.49607921,[2,0.56273258,[2,0.46863371,1,0],[1,0.35493100,1,0]],[0,0.82150429,[2,0.82934588,1,0],1]]"
skin.txt,3,CPU,9,4.6260,0.96833,7761,"[0,0.49607921,[2,0.56273258,[2,0.46863371,1,0],[1,0.35493100,1,0]],[0,0.82150429,[2,0.82934588,1,0],1]]"
skin.txt,3,CPU,10,4.6920,0.96833,7761,"[0,0.49607921,[2,0.56273258,[2,0.46863371,1,0],[1,0.35493100,1,0]],[0,0.82150429,[2,0.82934588,1,0],1]]"
skin.txt,3,CPU,15,4.6080,0.96833,7761,"[0,0.49607921,[2,0.56273258,[2,0.46863371,1,0],[1,0.35493100,1,0]],[0,0.82150429,[2,0.82934588,1,0],1]]"
skin.txt,3,CPU,16,4.6250,0.96833,7761,"[0,0.49607921,[2,0.56273258,[2,0.46863371,1,0],[1,0.35493100,1,0]],[0,0.82150429,[2,0.82934588,1,0],1]]"
skin.txt,3,CPU,30,4.5300,0.96833,7761,"[0,0.49607921,[2,0.56273258,[2,0.46863371,1,0],[1,0.35493100,1,0]],[0,0.82150429,[2,0.82934588,1,0],1]]"
skin.txt,3,CPU,32,4.6010,0.96833,7761,"[0,0.49607921,[2,0.56273258,[2,0.46863371,1,0],[1,0.35493100,1,0]],[0,0.82150429,[2,0.82934588,1,0],1]]"
skin.txt,3,CPU,60,4.6690,0.96833,7761,"[0,0.49607921,[2,0.56273258,[2,0.46863371,1,0],[1,0.35493100,1,0]],[0,0.82150429,[2,0.82934588,1,0],1]]"
wilt.txt,3,CPU,1,4.2010,0.981814,88,"[2,0.03567202,[1,0.04205611,[2,0.02626651,1,0],[1,0.04211055,0,1]],[2,0.04369602,[1,0.05452356,0,1],[1,0.06345776,0,1]]]"
wilt.txt,3,CPU,2,0.8820,0.981814,88,"[2,0.03567202,[1,0.04205611,[2,0.02626651,1,0],[1,0.04211055,0,1]],[2,0.04369602,[1,0.05452356,0,1],[1,0.06345776,0,1]]]"
wilt.txt,3,CPU,3,0.5240,0.981814,88,"[2,0.03567202,[1,0.04205611,[2,0.02626651,1,0],[1,0.04211055,0,1]],[2,0.04369602,[1,0.05452356,0,1],[1,0.06345776,0,1]]]"
wilt.txt,3,CPU,4,0.5600,0.981814,88,"[2,0.03567202,[1,0.04205611,[2,0.02626651,1,0],[1,0.04211055,0,1]],[2,0.04369602,[1,0.05452356,0,1],[1,0.06345776,0,1]]]"
wilt.txt,3,CPU,5,0.6490,0.981814,88,"[2,0.03567202,[1,0.04205611,[2,0.02626651,1,0],[1,0.04211055,0,1]],[2,0.04369602,[1,0.05452356,0,1],[1,0.06345776,0,1]]]"
wilt.txt,3,CPU,6,0.5570,0.981814,88,"[2,0.03567202,[1,0.04205611,[2,0.02626651,1,0],[1,0.04211055,0,1]],[2,0.04369602,[1,0.05452356,0,1],[1,0.06345776,0,1]]]"
wilt.txt,3,CPU,7,0.5380,0.981814,88,"[2,0.03567202,[1,0.04205611,[2,0.02626651,1,0],[1,0.04211055,0,1]],[2,0.04369602,[1,0.05452356,0,1],[1,0.06345776,0,1]]]"
wilt.txt,3,CPU,8,0.5430,0.981814,88,"[2,0.03567202,[1,0.04205611,[2,0.02626651,1,0],[1,0.04211055,0,1]],[2,0.04369602,[1,0.05452356,0,1],[1,0.06345776,0,1]]]"
wilt.txt,3,CPU,9,0.5680,0.981814,88,"[2,0.03567202,[1,0.04205611,[2,0.02626651,1,0],[1,0.04211055,0,1]],[2,0.04369602,[1,0.05452356,0,1],[1,0.06345776,0,1]]]"
wilt.txt,3,CPU,10,0.5510,0.981814,88,"[2,0.03567202,[1,0.04205611,[2,0.02626651,1,0],[1,0.04211055,0,1]],[2,0.04369602,[1,0.05452356,0,1],[1,0.06345776,0,1]]]"
wilt.txt,3,CPU,15,0.5410,0.981814,88,"[2,0.03567202,[1,0.04205611,[2,0.02626651,1,0],[1,0.04211055,0,1]],[2,0.04369602,[1,0.05452356,0,1],[1,0.06345776,0,1]]]"
wilt.txt,3,CPU,16,0.5760,0.981814,88,"[2,0.03567202,[1,0.04205611,[2,0.02626651,1,0],[1,0.04211055,0,1]],[2,0.04369602,[1,0.05452356,0,1],[1,0.06345776,0,1]]]"
wilt.txt,3,CPU,30,0.5960,0.981814,88,"[2,0.03567202,[1,0.04205611,[2,0.02626651,1,0],[1,0.04211055,0,1]],[2,0.04369602,[1,0.05452356,0,1],[1,0.06345776,0,1]]]"
wilt.txt,3,CPU,32,0.6130,0.981814,88,"[2,0.03567202,[1,0.04205611,[2,0.02626651,1,0],[1,0.04211055,0,1]],[2,0.04369602,[1,0.05452356,0,1],[1,0.06345776,0,1]]]"
wilt.txt,3,CPU,60,0.6300,0.981814,88,"[2,0.03567202,[1,0.04205611,[2,0.02626651,1,0],[1,0.04211055,0,1]],[2,0.04369602,[1,0.05452356,0,1],[1,0.06345776,0,1]]]"
